Details for  Addy; January 01, 2016 to December 31, 2016
DATE,MIN_AIR_TEMP,AIR_TEMP,MAX_AIR_TEMP,DEWPOINT,REL_HUMIDITY,LEAF_WETNESS,WIND_DIR,WIND_SPEED,WIND_SPEED_MAX,SOIL_TEMP_2_IN,MIN_SOIL_TEMP_8_IN,AVG_SOIL_TEMP_8_IN,SOIL_MOIS_8_IN,PRECIP,SOLAR_RAD,ET_GRASS,ET_ALFALFA,AIR_PRESSURE,
"2016-01-01",-1.1,9.7,19.8,3.3,84.3,0.00,NW,3.5,14.2,33.6,34.9,35.0,18.6,0.00,1.93,0.01,0.02,30.58,
"2016-01-02",-5.4,3.1,12.4,-3.8,83.1,0.00,W,2.0,7.1,33.1,34.6,34.7,18.6,0.00,2.16,0.01,0.01,30.40,
"2016-01-03",-0.4,11.0,22.1,5.7,87.8,0.02,NW,3.2,10.7,32.9,34.5,34.6,18.4,0.00,0.59,0.01,0.02,30.18,
"2016-01-04",21.9,26.2,29.3,22.9,90.8,0.28,NW,6.7,13.9,32.9,34.5,34.5,18.3,0.00,0.66,0.01,0.01,29.89,
"2016-01-05",25.3,29.4,34.6,26.8,91.7,0.30,NW,5.2,12.4,33.1,34.5,34.5,18.2,0.04,0.94,0.01,0.02,29.77,
"2016-01-06",30.4,33.2,35.5,32.5,97.3,0.79,NW,5.2,11.0,33.4,34.5,34.6,18.2,0.45,1.79,0.01,0.01,29.78,
"2016-01-07",33.4,34.4,36.1,34.1,98.9,0.73,SW,2.8,9.2,33.7,34.6,34.6,18.3,0.10,1.72,0.01,0.01,29.91,
"2016-01-08",33.1,34.5,37.5,33.5,96.2,0.52,S,2.4,5.7,33.7,34.7,34.7,18.7,0.01,2.99,0.01,0.01,30.08,
"2016-01-09",32.2,33.9,38.5,33.1,97.1,0.65,NW,1.8,6.4,33.7,34.7,34.7,19.1,0.00,3.08,0.01,0.01,30.17,
"2016-01-10",31.2,33.3,35.3,30.3,88.9,0.32,SE,2.8,10.3,33.7,34.8,34.8,19.3,0.00,2.09,0.01,0.02,30.33,
"2016-01-11",28.2,30.0,32.4,27.3,91.1,0.17,SE,2.5,6.7,33.8,34.8,34.8,19.4,0.00,1.50,0.01,0.01,30.31,
"2016-01-12",29.6,31.0,32.6,30.3,97.8,0.65,NW,3.6,9.9,34.0,34.8,34.9,19.4,0.00,1.80,0.01,0.01,30.16,
"2016-01-13",31.6,34.5,37.4,34.4,99.8,0.86,SE,2.7,7.4,33.9,34.8,34.9,19.9,0.54,1.38,0.00,0.00,29.77,
"2016-01-14",32.0,34.0,35.7,31.8,91.8,0.50,SE,2.8,11.4,33.8,34.8,34.8,21.3,0.01,2.88,0.01,0.01,29.93,
"2016-01-15",30.8,32.1,34.2,27.6,83.8,0.02,SW,2.7,8.5,33.9,34.8,34.8,21.6,0.00,2.34,0.02,0.02,30.02,
"2016-01-16",29.8,31.0,32.1,29.6,95.6,0.46,NW,4.5,11.0,33.9,34.8,34.8,21.5,0.00,2.14,0.01,0.01,29.99,
"2016-01-17",31.0,32.5,35.2,32.0,98.5,0.76,NW,3.5,12.8,34.0,34.9,34.9,21.4,0.12,2.51,0.01,0.01,29.99,
"2016-01-18",33.0,34.4,37.9,33.6,96.8,0.63,S,2.7,9.9,33.9,34.8,34.8,21.6,0.20,3.05,0.01,0.01,30.06,
"2016-01-19",32.8,33.9,35.3,33.6,98.7,0.79,NW,4.2,11.7,33.9,34.7,34.8,21.9,0.42,1.91,0.01,0.01,29.86,
"2016-01-20",32.9,34.8,37.7,33.8,96.0,0.60,SE,2.7,8.9,33.7,34.6,34.6,23.5,0.29,3.31,0.01,0.01,30.12,
"2016-01-21",32.8,34.1,35.8,33.9,99.5,0.84,SW,2.3,7.1,33.6,34.5,34.5,24.3,0.23,1.56,0.01,0.01,30.16,
"2016-01-22",33.0,35.2,41.9,34.9,98.9,0.87,SW,3.2,9.9,33.5,34.4,34.4,25.6,0.19,2.44,0.02,0.02,29.93,
"2016-01-23",32.8,34.9,37.0,34.7,99.2,0.89,NW,4.2,15.0,33.5,34.3,34.4,26.6,0.27,1.45,0.00,0.01,29.82,
"2016-01-24",33.2,34.6,37.9,33.7,96.6,0.61,SW,2.9,8.9,33.5,34.3,34.4,26.9,0.00,4.22,0.01,0.01,30.04,
"2016-01-25",33.1,34.0,35.7,32.0,92.4,0.17,NW,3.9,9.2,33.5,34.4,34.4,26.6,0.00,2.89,0.01,0.02,30.30,
"2016-01-26",33.2,35.1,37.7,33.6,94.3,0.17,W,2.8,9.9,33.6,34.4,34.4,26.4,0.00,2.23,0.01,0.01,30.36,
"2016-01-27",34.3,35.3,37.1,35.1,99.1,0.64,W,2.2,9.2,33.7,34.4,34.4,26.7,0.02,1.63,0.01,0.01,30.31,
"2016-01-28",32.4,36.2,39.8,36.2,100.0,0.89,S,3.4,11.0,34.1,34.3,34.4,27.8,0.27,1.07,0.00,0.00,29.95,
"2016-01-29",30.2,32.8,35.6,32.8,99.7,0.84,S,3.1,14.2,33.1,34.1,34.2,27.5,0.21,1.83,0.01,0.01,29.82,
"2016-01-30",29.1,32.6,35.5,31.2,94.7,0.64,S,2.5,7.8,33.2,34.1,34.1,26.8,0.00,3.45,0.01,0.01,29.87,
"2016-01-31",29.1,31.8,35.4,30.6,95.8,0.45,SE,2.6,7.4,33.3,34.1,34.2,26.4,0.01,4.05,0.01,0.01,29.99,
"2016-02-01",29.7,32.6,36.4,30.3,91.9,0.25,S,3.1,9.9,34.1,34.2,34.4,26.1,0.00,4.28,0.01,0.02,30.09,
"2016-02-02",18.0,29.3,36.8,26.0,89.9,0.27,NW,2.7,9.9,34.7,34.4,34.8,25.9,0.00,7.91,0.01,0.01,30.20,
"2016-02-03",18.7,25.7,29.7,22.6,91.5,0.17,SE,2.3,7.1,32.8,34.1,34.4,25.4,0.00,2.68,0.01,0.01,30.24,
"2016-02-04",28.4,32.7,36.4,30.9,94.1,0.39,S,2.9,12.8,32.6,34.0,34.0,25.1,0.12,3.32,0.01,0.02,30.29,
"2016-02-05",33.0,36.0,40.2,35.1,96.4,0.49,S,3.0,12.4,33.8,33.9,34.0,25.3,0.01,3.51,0.01,0.02,30.30,
"2016-02-06",25.2,35.3,44.0,30.3,83.4,0.18,S,3.8,23.5,34.3,34.2,34.6,25.5,0.00,4.81,0.02,0.03,30.31,
"2016-02-07",22.5,29.7,38.6,26.8,91.1,0.28,NW,2.8,11.0,32.9,34.0,34.3,25.2,0.00,6.71,0.02,0.02,30.61,
"2016-02-08",26.6,33.6,45.2,29.0,85.5,0.37,NW,4.5,11.7,33.7,33.9,34.1,25.0,0.00,9.02,0.03,0.05,30.61,
"2016-02-09",25.5,33.3,47.8,29.7,88.9,0.36,NW,4.7,12.8,33.8,34.0,34.3,24.9,0.01,10.24,0.03,0.05,30.40,
"2016-02-10",25.8,31.7,38.3,30.5,96.3,0.47,W,2.4,10.7,33.2,34.1,34.3,24.7,0.00,4.30,0.02,0.02,30.29,
"2016-02-11",32.6,38.4,45.0,35.4,89.2,0.25,NW,4.3,12.1,35.4,34.1,34.9,24.7,0.04,3.34,0.02,0.03,30.32,
"2016-02-12",36.8,40.3,46.2,39.4,96.8,0.56,S,3.1,10.3,38.3,36.3,37.2,24.7,0.01,3.23,0.02,0.02,30.17,
"2016-02-13",36.3,41.1,48.2,36.3,84.5,0.45,SE,4.5,15.3,39.3,37.5,38.4,24.6,0.04,7.46,0.03,0.05,30.14,
"2016-02-14",36.8,40.1,43.0,38.7,95.0,0.36,S,2.6,6.7,39.4,38.4,39.0,24.6,0.01,2.68,0.01,0.02,30.07,
"2016-02-15",36.4,45.0,56.9,40.7,86.1,0.39,SW,3.8,16.4,42.4,38.8,40.2,24.6,0.04,9.55,0.04,0.06,29.98,
"2016-02-16",33.3,41.4,53.8,38.0,88.7,0.40,SW,2.8,8.9,41.6,40.1,41.3,24.5,0.00,6.63,0.03,0.04,29.95,
"2016-02-17",36.6,42.5,49.5,38.5,86.4,0.20,NW,5.4,15.7,40.9,40.0,40.7,24.4,0.06,4.47,0.03,0.05,29.61,
"2016-02-18",38.2,42.8,52.5,38.4,85.5,0.39,SE,4.5,17.1,41.5,40.7,41.3,24.8,0.20,5.68,0.04,0.06,29.43,
"2016-02-19",32.9,39.7,43.8,38.0,93.7,0.63,SE,3.5,20.0,40.1,39.5,40.6,25.0,0.18,4.27,0.02,0.02,29.83,
"2016-02-20",28.1,38.3,48.4,33.1,82.8,0.25,SE,3.8,11.4,40.7,39.7,40.8,25.3,0.00,10.67,0.04,0.05,30.26,
"2016-02-21",26.1,32.5,41.7,29.8,91.6,0.28,NW,3.8,12.8,36.9,37.9,38.8,25.1,0.00,6.72,0.03,0.04,30.28,
"2016-02-22",27.6,34.4,47.1,30.4,87.0,0.35,S,2.4,10.3,36.8,37.0,38.0,24.9,0.00,8.90,0.03,0.04,30.34,
"2016-02-23",21.6,33.3,51.9,27.0,81.5,0.13,W,2.9,8.2,35.9,36.5,37.5,24.6,0.00,13.12,0.05,0.06,30.35,
"2016-02-24",28.5,36.1,51.3,29.5,79.3,0.10,NW,3.6,11.7,35.7,36.2,37.0,24.5,0.00,9.03,0.05,0.07,30.30,
"2016-02-25",28.5,38.2,55.2,30.9,78.0,0.16,NW,4.2,11.4,36.7,36.1,37.1,24.4,0.00,12.23,0.06,0.09,30.31,
"2016-02-26",30.1,41.6,57.2,34.6,78.5,0.17,NW,3.6,11.0,37.8,36.3,37.5,24.2,0.00,11.03,0.06,0.08,30.08,
"2016-02-27",34.6,44.7,58.2,40.4,85.4,0.25,S,3.0,11.4,41.3,38.8,39.9,24.2,0.02,9.07,0.05,0.06,29.98,
"2016-02-28",31.5,40.7,58.3,36.9,88.1,0.53,SE,4.2,25.7,39.0,38.4,39.6,24.2,0.16,6.37,0.05,0.08,29.97,
"2016-02-29",33.1,40.8,55.3,32.2,74.4,0.17,SE,3.8,15.7,39.4,38.1,39.5,24.4,0.00,12.96,0.06,0.09,30.14,
"2016-03-01",34.6,38.1,42.4,37.2,96.6,0.56,SE,2.7,15.0,37.6,38.2,38.7,24.7,0.52,2.09,0.01,0.01,29.92,
"2016-03-02",35.5,43.8,55.0,38.1,82.1,0.36,SE,3.8,14.6,40.3,37.6,39.2,26.0,0.00,10.07,0.05,0.07,29.99,
"2016-03-03",37.4,45.2,59.9,38.7,80.5,0.28,S,4.4,17.1,42.6,39.8,41.3,25.7,0.00,12.56,0.07,0.10,29.98,
"2016-03-04",33.3,44.4,64.2,38.4,82.5,0.28,S,3.4,14.2,41.6,39.3,41.2,25.3,0.00,12.32,0.07,0.10,29.97,
"2016-03-05",39.2,47.9,58.9,44.5,88.6,0.33,SE,3.7,13.5,43.3,41.2,42.4,25.1,0.20,6.28,0.04,0.06,29.65,
"2016-03-06",36.0,47.5,58.5,42.3,84.5,0.44,S,4.1,17.1,45.1,43.3,44.1,27.2,0.53,7.17,0.05,0.07,29.52,
"2016-03-07",31.4,39.9,49.8,37.4,92.4,0.53,S,3.4,25.7,40.8,40.9,42.2,27.2,0.11,5.59,0.00,0.00,29.81,
"2016-03-08",30.5,40.5,49.9,36.6,87.3,0.31,SE,3.8,12.4,40.5,39.7,41.2,26.7,0.01,11.84,0.00,0.00,29.94,
"2016-03-09",33.6,41.4,46.5,38.7,90.5,0.40,S,3.4,13.9,40.0,39.6,40.8,26.2,0.46,5.65,0.03,0.03,29.91,
"2016-03-10",39.0,48.3,67.0,43.0,84.4,0.52,SE,5.1,22.5,43.5,41.1,42.5,30.0,0.51,10.15,0.09,0.12,29.79,
"2016-03-11",37.4,45.8,58.5,41.5,85.9,0.45,NW,4.0,15.7,42.0,40.2,42.0,28.5,0.05,10.97,0.00,0.00,29.83,
"2016-03-12",41.6,45.0,50.4,42.3,90.3,0.52,SE,4.9,18.5,44.0,43.0,43.5,28.4,0.32,4.14,0.03,0.04,29.66,
"2016-03-13",33.8,41.1,47.6,39.6,94.8,0.54,SW,3.6,10.7,40.5,40.6,41.8,28.2,0.31,5.95,0.03,0.03,29.64,
"2016-03-14",35.0,41.2,51.8,34.9,81.1,0.43,S,4.0,21.0,40.3,39.4,41.0,28.2,0.01,11.79,0.06,0.08,29.76,
"2016-03-15",33.6,40.7,49.5,35.9,84.2,0.18,S,4.1,17.1,40.4,39.4,41.1,27.2,0.00,13.98,0.06,0.07,30.09,
"2016-03-16",29.4,39.6,51.7,33.5,81.4,0.20,SE,3.5,13.9,39.9,39.0,40.7,26.5,0.00,12.93,0.06,0.07,30.19,
"2016-03-17",30.1,42.3,52.9,27.9,59.4,0.00,NW,5.1,16.0,40.2,38.9,40.7,26.0,0.00,17.28,0.09,0.12,30.28,
"2016-03-18",24.8,40.3,60.0,26.3,63.6,0.01,NW,3.9,13.5,39.1,38.4,40.2,25.5,0.00,17.56,0.10,0.13,30.29,
"2016-03-19",28.8,44.7,64.8,31.3,63.5,0.00,NW,4.5,12.1,40.1,38.5,40.3,25.2,0.00,15.82,0.11,0.15,30.19,
"2016-03-20",34.9,48.2,66.6,38.7,73.0,0.11,NW,4.4,15.7,41.8,39.4,41.1,24.9,0.20,10.10,0.09,0.13,29.93,
"2016-03-21",41.9,47.9,56.8,43.7,86.5,0.41,SE,4.6,14.6,45.6,43.0,44.0,25.2,0.03,9.23,0.06,0.08,29.80,
"2016-03-22",40.8,44.9,52.6,42.3,90.9,0.49,E,4.1,14.2,44.6,43.2,44.3,25.2,0.06,8.48,0.05,0.06,29.84,
"2016-03-23",40.7,46.3,52.7,40.6,82.1,0.30,SE,5.7,17.8,44.2,43.3,44.3,25.2,0.02,8.59,0.06,0.08,30.13,
"2016-03-24",39.5,46.9,56.5,38.2,74.6,0.23,S,5.1,22.8,45.8,43.8,44.8,25.2,0.07,10.88,0.08,0.10,29.95,
"2016-03-25",34.5,43.7,62.5,35.9,77.5,0.21,W,3.0,13.2,45.0,42.4,44.4,25.0,0.00,15.94,0.09,0.12,30.07,
"2016-03-26",32.7,43.5,57.2,36.1,78.4,0.29,SE,3.5,12.1,42.7,42.0,43.6,24.7,0.00,11.18,0.07,0.09,30.08,
"2016-03-27",36.5,43.2,50.6,41.7,94.5,0.47,SE,3.5,17.1,41.8,42.2,43.0,25.0,0.68,5.64,0.03,0.04,29.89,
"2016-03-28",39.1,45.2,52.9,41.8,89.0,0.54,S,2.8,9.2,44.4,41.6,43.5,27.3,0.04,14.66,0.00,0.00,30.01,
"2016-03-29",37.7,50.5,66.2,38.8,69.9,0.30,NW,6.4,19.6,44.9,42.1,44.4,26.7,0.00,20.01,0.00,0.00,30.07,
"2016-03-30",32.4,49.2,69.8,36.3,67.7,0.18,NW,3.6,11.7,46.3,42.5,45.1,26.0,0.00,20.04,0.12,0.17,30.07,
"2016-03-31",33.0,51.6,71.2,38.8,66.9,0.09,W,3.5,11.4,48.4,44.2,46.8,25.4,0.00,20.26,0.13,0.16,30.09,
"2016-04-01",35.1,53.4,73.1,43.1,72.2,0.21,S,3.8,13.9,50.0,45.7,48.3,25.0,0.00,20.89,0.13,0.17,30.15,
"2016-04-02",37.6,55.5,73.7,44.1,70.8,0.29,S,4.0,18.9,51.2,47.1,49.5,24.5,0.00,20.66,0.13,0.17,30.03,
"2016-04-03",39.0,53.2,68.1,43.0,72.8,0.27,SE,4.2,14.2,50.5,47.6,49.8,24.1,0.00,18.78,0.12,0.15,30.02,
"2016-04-04",38.3,45.9,54.7,42.3,87.5,0.30,S,4.0,30.3,47.3,47.7,48.6,23.9,0.10,6.18,0.05,0.06,30.03,
"2016-04-05",33.7,46.3,64.8,37.5,75.8,0.26,S,4.2,15.7,46.8,45.0,46.9,24.0,0.01,17.47,0.11,0.15,30.36,
"2016-04-06",41.8,51.8,68.5,41.1,70.2,0.02,SE,4.5,14.2,49.5,46.2,48.2,23.8,0.00,20.11,0.13,0.17,30.32,
"2016-04-07",35.3,52.8,75.5,40.5,68.7,0.29,NW,3.8,11.7,51.7,47.2,49.8,23.5,0.00,22.36,0.15,0.20,30.20,
"2016-04-08",36.7,57.3,80.9,41.1,61.2,0.11,W,4.5,15.0,53.3,48.6,51.3,23.1,0.00,22.40,0.18,0.25,29.91,
"2016-04-09",38.9,58.1,74.1,34.0,48.5,0.11,NW,4.9,15.0,54.3,50.3,52.5,22.7,0.00,23.38,0.18,0.24,29.73,
"2016-04-10",35.4,53.0,73.3,32.3,49.8,0.00,NW,4.1,14.6,53.2,49.5,52.0,22.2,0.00,23.16,0.16,0.22,29.83,
"2016-04-11",32.6,51.2,71.7,37.8,65.5,0.17,S,4.3,19.2,51.8,49.3,51.7,21.8,0.00,21.52,0.15,0.19,29.92,
"2016-04-12",40.4,52.3,65.0,36.9,60.5,0.10,S,5.1,18.5,52.3,50.1,51.9,21.6,0.00,19.26,0.13,0.18,29.97,
"2016-04-13",39.9,49.7,58.5,35.4,60.0,0.00,SE,5.2,18.9,51.0,50.6,51.6,21.3,0.00,11.01,0.10,0.13,29.95,
"2016-04-14",37.3,42.8,48.9,38.6,85.2,0.30,NW,3.3,12.1,48.2,48.8,49.6,21.1,0.27,6.16,0.04,0.05,29.80,
"2016-04-15",37.3,45.5,59.7,39.4,81.2,0.29,W,4.2,12.1,50.3,47.9,49.7,21.4,0.00,16.18,0.10,0.12,30.18,
"2016-04-16",34.7,48.8,64.7,39.1,73.1,0.32,S,3.4,12.1,51.6,48.5,50.8,21.5,0.00,21.46,0.12,0.15,30.35,
"2016-04-17",34.8,52.9,75.5,38.5,65.4,0.28,NW,3.6,12.1,53.5,49.4,52.0,21.3,0.00,24.35,0.16,0.21,30.35,
"2016-04-18",38.7,57.2,79.6,40.5,60.9,0.05,NW,3.9,13.5,55.3,50.8,53.4,21.1,0.00,24.54,0.18,0.24,30.24,
"2016-04-19",39.6,58.9,82.0,44.0,63.1,0.07,NW,3.6,10.3,56.7,52.0,54.7,20.7,0.00,24.49,0.18,0.24,30.05,
"2016-04-20",42.2,61.9,85.2,45.7,61.5,0.08,NW,3.3,9.9,58.3,53.4,56.1,20.4,0.00,24.64,0.19,0.24,29.90,
"2016-04-21",42.2,61.6,80.9,48.2,66.7,0.16,SE,3.3,13.2,58.6,54.6,57.0,20.0,0.00,20.08,0.16,0.20,29.78,
"2016-04-22",52.2,59.0,70.2,52.1,78.8,0.16,NW,4.8,15.3,58.4,56.1,57.4,19.8,0.05,11.94,0.11,0.14,29.68,
"2016-04-23",46.0,53.5,63.5,48.5,83.8,0.35,SE,3.6,11.7,56.8,55.2,56.7,19.6,0.18,12.08,0.08,0.10,29.85,
"2016-04-24",40.3,49.2,57.8,43.7,81.8,0.23,SE,4.6,16.4,54.2,54.5,55.4,19.5,0.25,10.62,0.07,0.09,29.90,
"2016-04-25",35.8,47.2,64.2,41.8,84.2,0.48,S,3.7,22.5,54.5,52.0,54.2,19.7,0.05,20.52,0.12,0.14,29.96,
"2016-04-26",33.9,49.3,66.7,38.4,71.4,0.34,SE,3.6,13.5,54.7,52.1,54.7,19.9,0.00,26.49,0.15,0.18,29.97,
"2016-04-27",36.0,51.7,68.1,40.9,70.2,0.15,N ,3.9,19.6,55.8,52.8,55.2,19.9,0.00,24.09,0.14,0.18,29.92,
"2016-04-28",39.9,54.5,68.4,41.4,65.6,0.24,SE,3.4,12.8,57.2,53.8,56.1,19.6,0.02,21.68,0.14,0.17,29.98,
"2016-04-29",46.8,50.2,53.2,45.4,83.6,0.26,SE,2.7,12.4,55.6,55.3,56.1,19.5,0.19,8.69,0.06,0.07,29.98,
"2016-04-30",44.3,53.2,64.9,47.0,81.3,0.38,NW,2.9,18.2,56.3,54.3,55.6,19.5,0.01,16.25,0.10,0.12,30.21,
"2016-05-01",38.0,55.6,74.5,43.6,69.4,0.32,NW,4.3,16.7,57.5,53.7,56.2,19.5,0.00,26.69,0.18,0.22,30.19,
"2016-05-02",40.6,59.5,79.9,44.7,63.8,0.18,N,3.3,8.9,58.7,54.5,57.2,19.4,0.00,26.29,0.19,0.23,30.09,
"2016-05-03",42.7,61.3,82.2,45.0,61.7,0.23,SE,3.4,14.6,59.5,55.4,58.0,19.1,0.00,24.97,0.19,0.24,30.04,
"2016-05-04",43.5,60.7,77.1,48.1,66.2,0.05,SE,3.7,14.2,60.0,56.3,58.6,18.7,0.00,19.17,0.15,0.19,29.94,
"2016-05-05",54.8,60.4,68.2,53.7,79.2,0.28,NW,6.0,19.2,61.2,58.4,59.7,18.4,0.07,17.34,0.13,0.16,29.95,
"2016-05-06",52.1,64.9,81.2,48.3,58.3,0.00,NW,7.4,18.5,61.8,57.7,59.9,18.1,0.00,24.06,0.23,0.32,30.03,
"2016-05-07",46.1,65.0,83.1,48.1,58.8,0.00,NW,4.3,15.0,62.3,58.1,60.6,17.7,0.00,27.20,0.21,0.27,29.85,
"2016-05-08",45.4,61.9,75.9,38.9,50.0,0.12,NW,6.2,25.7,61.6,58.6,60.8,17.3,0.00,27.14,0.22,0.30,29.67,
"2016-05-09",43.7,51.4,57.0,36.1,58.2,0.02,NW,6.1,21.4,57.1,57.8,58.9,16.9,0.01,10.70,0.11,0.15,29.92,
"2016-05-10",35.3,53.9,70.3,39.0,62.9,0.16,NW,3.4,13.9,57.2,54.6,56.9,16.7,0.00,27.40,0.17,0.20,30.19,
"2016-05-11",40.4,55.3,72.2,39.1,59.7,0.02,SE,4.0,15.0,56.6,55.6,57.1,16.3,0.00,16.41,0.14,0.19,30.12,
"2016-05-12",39.3,57.9,74.2,41.8,58.3,0.01,NW,4.7,23.5,57.7,54.5,56.9,15.9,0.00,24.77,0.18,0.23,30.03,
"2016-05-13",46.5,59.5,74.3,38.6,48.6,0.00,NW,4.8,13.9,59.6,56.2,58.3,15.4,0.00,27.06,0.21,0.27,30.16,
"2016-05-14",41.9,58.7,73.7,39.8,53.6,0.00,NW,3.7,16.7,59.3,56.3,58.6,14.9,0.00,23.24,0.17,0.22,29.99,
"2016-05-15",48.6,58.3,68.0,41.6,55.6,0.00,N ,3.8,11.7,58.8,57.9,58.8,14.5,0.00,12.13,0.12,0.16,29.91,
"2016-05-16",42.4,58.0,73.1,43.6,63.0,0.04,E,4.2,12.8,59.2,56.4,58.4,14.1,0.00,25.33,0.18,0.22,30.05,
"2016-05-17",43.3,61.5,78.5,47.8,65.2,0.14,S,3.8,14.2,60.4,56.9,59.2,13.6,0.00,24.44,0.18,0.22,30.13,
"2016-05-18",44.9,61.9,81.2,49.0,67.9,0.21,S,4.1,22.5,61.5,58.1,60.3,13.1,0.06,21.68,0.18,0.23,29.92,
"2016-05-19",38.5,52.0,63.1,42.3,72.0,0.28,S,4.4,15.7,58.7,58.5,59.6,12.7,0.00,18.16,0.12,0.14,29.76,
"2016-05-20",32.6,52.4,68.7,41.4,70.8,0.34,NW,4.1,14.2,56.6,55.0,57.3,12.3,0.02,21.05,0.14,0.17,29.77,
"2016-05-21",50.3,55.1,64.4,49.7,83.3,0.49,E,2.5,13.2,58.4,57.1,58.1,12.1,0.21,12.39,0.09,0.11,29.73,
"2016-05-22",48.3,51.1,54.7,48.9,92.3,0.65,SE,3.6,13.9,55.6,56.4,57.0,12.1,0.71,5.79,0.04,0.05,29.74,
"2016-05-23",46.9,50.5,55.1,48.9,94.1,0.90,E,3.1,10.3,54.9,55.0,55.7,12.1,0.36,7.71,0.05,0.05,29.82,
"2016-05-24",48.1,56.0,67.7,49.6,81.4,0.52,SE,3.0,13.5,57.8,55.1,56.9,12.1,0.02,21.67,0.14,0.16,29.92,
"2016-05-25",43.3,57.7,74.3,50.4,79.6,0.36,SE,3.4,14.6,59.3,56.4,58.6,12.5,0.01,20.75,0.15,0.17,29.98,
"2016-05-26",45.8,59.1,70.3,47.8,69.1,0.18,SE,4.4,14.6,60.3,58.0,59.7,12.9,0.00,22.20,0.15,0.19,29.97,
"2016-05-27",45.3,52.8,62.8,45.2,76.5,0.24,N,4.9,21.4,58.5,58.1,59.1,13.1,0.15,17.65,0.12,0.15,29.97,
"2016-05-28",40.9,53.1,63.8,41.8,68.8,0.15,SE,3.6,15.3,57.3,56.4,58.0,13.2,0.00,18.96,0.12,0.15,30.03,
"2016-05-29",43.0,57.4,73.1,43.4,64.2,0.03,W,5.3,30.3,59.1,56.6,58.5,13.2,0.00,21.94,0.17,0.23,30.00,
"2016-05-30",37.4,55.1,73.5,40.9,64.9,0.21,NW,3.7,13.9,59.8,56.1,59.0,13.3,0.00,29.23,0.19,0.23,30.19,
"2016-05-31",41.3,60.6,78.2,42.6,58.7,0.13,N ,3.2,10.7,61.9,57.7,60.6,13.4,0.00,27.68,0.20,0.24,30.12,
"2016-06-01",45.2,63.5,82.2,45.8,59.2,0.12,S,3.4,16.7,63.1,59.4,61.9,13.5,0.00,21.61,0.19,0.24,29.90,
"2016-06-02",55.2,65.2,75.0,46.8,53.5,0.00,S,5.3,21.4,64.9,61.4,63.5,13.5,0.00,22.61,0.20,0.26,29.94,
"2016-06-03",48.0,65.2,81.6,45.8,54.4,0.00,SE,3.4,13.5,66.2,61.6,64.5,13.5,0.00,30.03,0.22,0.27,30.20,
"2016-06-04",45.4,68.4,90.8,49.7,58.9,0.15,NW,3.1,10.3,67.5,62.4,65.6,13.5,0.00,30.07,0.24,0.30,30.16,
"2016-06-05",52.3,73.2,96.3,53.5,56.9,0.04,NW,3.5,13.9,69.9,64.2,67.3,13.4,0.00,29.59,0.27,0.34,29.97,
"2016-06-06",53.8,75.1,98.7,53.7,54.9,0.10,NW,3.2,10.3,71.5,65.8,69.0,13.3,0.00,29.60,0.27,0.34,29.83,
"2016-06-07",50.8,72.9,94.7,49.5,51.6,0.08,S,3.5,13.9,71.6,66.7,69.8,13.2,0.00,29.54,0.27,0.34,29.75,
"2016-06-08",56.5,65.3,74.5,53.5,66.0,0.01,SE,4.2,15.7,67.6,67.1,68.3,13.1,0.00,9.31,0.11,0.15,29.76,
"2016-06-09",48.6,62.9,76.4,44.3,56.9,0.13,SE,4.5,17.5,66.9,64.1,66.6,13.0,0.00,27.50,0.21,0.26,29.86,
"2016-06-10",48.6,56.7,62.7,49.5,78.4,0.37,SE,4.2,14.2,64.0,64.5,65.7,12.9,0.34,10.68,0.08,0.10,29.94,
"2016-06-11",45.4,53.2,65.0,44.2,72.6,0.12,SE,4.8,15.3,60.6,61.0,62.5,12.8,0.05,14.66,0.12,0.15,30.12,
"2016-06-12",37.9,55.7,73.1,42.8,67.9,0.26,SE,3.2,12.4,61.5,59.0,61.7,12.8,0.01,23.91,0.16,0.20,30.16,
"2016-06-13",42.3,59.2,73.1,41.7,58.4,0.17,S,4.7,19.6,62.0,59.9,62.4,12.7,0.00,22.62,0.18,0.23,29.89,
"2016-06-14",39.4,55.7,65.3,35.5,49.2,0.00,S,6.3,23.2,61.7,60.9,62.7,12.7,0.00,24.10,0.17,0.23,29.84,
"2016-06-15",32.4,50.8,66.4,35.1,60.8,0.16,SE,3.6,16.0,59.2,58.3,60.8,12.7,0.00,24.06,0.15,0.19,29.90,
"2016-06-16",41.5,51.5,63.6,41.8,71.3,0.14,SE,4.4,19.2,59.0,59.3,60.5,12.6,0.13,14.80,0.11,0.14,29.99,
"2016-06-17",35.8,54.7,72.3,42.0,68.7,0.30,W,2.6,10.3,60.2,56.8,59.9,12.5,0.00,28.12,0.17,0.20,30.15,
"2016-06-18",47.8,54.9,62.2,47.7,77.1,0.07,SW,4.5,18.5,60.1,60.3,61.1,12.5,0.08,7.58,0.07,0.09,30.07,
"2016-06-19",39.1,55.2,70.2,42.1,66.5,0.16,SE,3.7,12.4,60.4,57.5,60.2,12.5,0.00,26.98,0.17,0.21,30.34,
"2016-06-20",44.8,62.9,83.3,44.5,57.1,0.04,NW,5.3,17.5,63.2,59.2,62.0,12.4,0.00,29.72,0.25,0.33,30.13,
"2016-06-21",43.1,59.7,76.3,47.7,68.6,0.12,SW,4.0,17.8,63.6,60.1,62.9,12.2,0.25,25.68,0.18,0.22,30.09,
"2016-06-22",47.4,64.4,80.7,47.9,61.0,0.12,SE,2.9,12.8,65.3,61.3,63.9,12.1,0.00,25.80,0.19,0.23,30.02,
"2016-06-23",48.4,60.5,77.8,48.8,69.2,0.18,SE,4.2,22.5,63.8,62.3,64.0,12.0,0.00,16.80,0.16,0.20,29.92,
"2016-06-24",44.9,53.0,58.0,47.2,81.2,0.26,SE,3.5,16.4,60.3,60.9,61.9,11.9,0.01,10.28,0.07,0.08,30.03,
"2016-06-25",41.4,57.8,73.6,46.9,71.6,0.29,SE,3.6,13.9,61.4,58.8,61.2,11.8,0.00,23.05,0.16,0.19,30.19,
"2016-06-26",44.2,64.5,84.2,47.0,60.7,0.24,NW,3.4,10.3,64.6,59.9,63.1,11.6,0.00,29.55,0.22,0.28,30.20,
"2016-06-27",48.2,69.7,91.4,49.5,55.1,0.02,NW,4.0,15.3,67.1,62.1,65.2,11.4,0.00,30.27,0.26,0.33,30.14,
"2016-06-28",53.2,72.7,93.5,50.3,52.5,0.01,NW,3.7,12.4,69.0,64.2,67.1,11.0,0.00,30.06,0.27,0.34,30.08,
"2016-06-29",50.5,73.0,95.6,50.4,52.9,0.02,S,3.0,10.7,69.7,65.4,68.2,10.6,0.00,28.21,0.25,0.32,30.02,
"2016-06-30",53.2,71.6,91.4,50.4,53.6,0.02,SE,4.2,16.4,70.3,66.4,69.1,10.2,0.00,29.26,0.26,0.34,29.96,
"2016-07-01",45.6,68.5,87.1,47.7,53.1,0.02,SE,3.9,15.0,69.0,66.1,68.8,9.7,0.00,26.99,0.23,0.29,29.95,
"2016-07-02",49.9,67.8,85.5,51.4,60.2,0.09,SE,3.1,13.5,68.8,66.3,68.5,9.4,0.00,22.66,0.19,0.24,29.92,
"2016-07-03",52.4,69.9,84.2,44.8,46.3,0.01,SW,5.5,20.7,69.0,66.3,68.6,9.0,0.00,25.87,0.25,0.33,29.88,
"2016-07-04",42.2,63.0,76.2,39.1,44.8,0.00,SW,4.8,17.1,67.2,65.7,67.9,8.7,0.00,25.29,0.20,0.27,29.97,
"2016-07-05",42.5,60.0,72.9,44.2,59.2,0.08,N,5.5,23.9,65.2,64.8,66.6,8.5,0.18,19.18,0.16,0.21,29.98,
"2016-07-06",51.0,61.2,74.5,49.8,70.5,0.34,NW,3.7,13.5,66.4,63.8,66.1,8.3,0.09,27.13,0.19,0.22,29.99,
"2016-07-07",43.2,60.2,74.1,48.7,69.2,0.21,NW,3.4,14.2,63.9,63.3,65.2,8.1,0.00,15.38,0.13,0.16,29.95,
"2016-07-08",53.2,61.1,70.6,56.2,84.8,0.33,SE,3.9,13.9,64.6,63.7,64.8,8.0,0.10,12.32,0.10,0.12,29.93,
"2016-07-09",49.8,62.6,74.1,49.8,68.5,0.32,SE,4.4,18.2,64.7,63.0,64.8,7.9,0.05,20.71,0.16,0.20,29.95,
"2016-07-10",41.1,61.3,75.8,46.2,62.0,0.20,S,4.4,17.1,64.3,61.7,64.3,7.8,0.01,24.94,0.18,0.23,29.89,
"2016-07-11",46.9,61.7,75.0,48.7,65.7,0.08,SE,4.6,15.7,65.1,62.5,64.7,7.7,0.00,22.01,0.17,0.21,29.95,
"2016-07-12",43.7,61.3,75.8,48.7,67.1,0.25,NW,3.4,17.1,63.6,62.0,63.9,7.6,0.00,17.15,0.14,0.17,29.98,
"2016-07-13",47.0,65.0,82.0,48.4,60.5,0.10,S,4.0,15.7,66.2,62.4,64.8,7.4,0.00,25.56,0.21,0.26,30.13,
"2016-07-14",45.1,66.0,85.8,45.7,54.6,0.03,SE,3.9,17.5,66.5,62.7,65.4,7.2,0.00,25.67,0.22,0.29,30.10,
"2016-07-15",45.8,60.4,74.0,46.9,63.2,0.02,N,5.0,23.5,64.8,63.6,65.3,7.1,0.02,20.18,0.16,0.21,29.99,
"2016-07-16",45.5,61.4,76.1,49.0,67.5,0.20,NW,4.1,12.4,63.9,61.9,63.9,7.0,0.00,17.69,0.15,0.19,29.99,
"2016-07-17",55.8,65.9,82.2,51.3,63.2,0.00,NW,4.6,13.9,66.9,63.5,65.3,6.8,0.00,21.47,0.20,0.26,29.98,
"2016-07-18",50.3,66.9,84.1,51.1,60.7,0.05,W,5.9,27.1,67.1,63.8,65.9,6.7,0.00,21.33,0.21,0.28,29.94,
"2016-07-19",46.2,62.3,77.1,50.1,67.5,0.13,SE,3.2,13.9,65.6,63.8,65.6,6.6,0.00,14.47,0.13,0.16,30.05,
"2016-07-20",41.0,63.4,83.8,44.9,58.1,0.16,S,3.5,14.2,65.0,61.9,64.5,6.5,0.00,23.05,0.19,0.25,30.09,
"2016-07-21",42.5,68.1,92.0,44.7,51.5,0.05,NW,3.5,11.7,67.7,62.5,65.5,6.4,0.00,28.93,0.25,0.32,30.04,
"2016-07-22",51.1,61.3,71.3,52.3,73.9,0.19,NW,4.5,18.9,65.6,65.1,66.2,6.2,0.21,11.72,0.11,0.14,30.08,
"2016-07-23",48.6,61.5,78.8,51.3,74.2,0.35,SE,3.2,12.1,65.2,62.5,64.6,6.2,0.00,21.12,0.16,0.20,30.15,
"2016-07-24",46.5,67.5,89.1,50.6,61.4,0.22,NE,3.1,10.3,67.5,62.5,65.6,6.1,0.00,28.14,0.22,0.28,30.08,
"2016-07-25",50.5,72.8,95.3,51.8,55.6,0.10,NE,3.1,10.3,70.0,64.3,67.3,6.1,0.00,26.58,0.24,0.30,30.01,
"2016-07-26",55.8,73.2,90.5,54.6,56.0,0.00,NW,4.8,28.2,71.2,66.7,68.9,6.0,0.00,21.29,0.22,0.30,30.03,
"2016-07-27",57.6,75.3,94.3,53.9,53.2,0.00,NW,5.4,15.3,73.3,67.6,70.0,5.9,0.00,26.69,0.27,0.37,30.06,
"2016-07-28",57.6,75.5,95.4,53.1,51.7,0.00,NW,3.8,15.0,73.9,68.2,70.8,5.8,0.00,24.34,0.24,0.32,30.05,
"2016-07-29",55.8,77.7,97.9,51.8,46.8,0.00,W,4.1,16.7,74.4,68.5,71.1,5.8,0.00,26.82,0.27,0.35,29.92,
"2016-07-30",54.6,75.6,93.8,47.1,43.3,0.00,SW,4.9,25.7,75.0,69.5,72.1,5.6,0.00,27.59,0.28,0.38,29.73,
"2016-07-31",51.7,72.4,84.2,38.8,31.6,0.00,NW,5.9,20.7,74.3,69.2,71.6,5.6,0.00,27.53,0.26,0.36,29.88,
"2016-08-01",49.3,67.8,86.4,42.4,44.9,0.00,N,4.2,13.5,73.5,68.4,70.9,5.5,0.00,27.41,0.24,0.31,30.02,
"2016-08-02",46.6,65.4,84.0,39.9,45.9,0.00,S,5.8,22.1,71.2,67.8,70.3,5.5,0.00,25.43,0.24,0.34,29.95,
"2016-08-03",46.6,63.3,81.0,46.1,56.5,0.00,SE,4.0,14.6,70.1,67.3,69.2,5.4,0.00,19.21,0.17,0.23,30.13,
"2016-08-04",45.3,67.1,88.4,47.1,56.0,0.09,E,3.0,10.3,71.7,66.2,68.8,5.4,0.00,26.69,0.21,0.27,30.06,
"2016-08-05",50.4,70.5,92.3,45.9,48.6,0.00,SE,4.0,15.3,73.1,67.3,69.9,5.3,0.00,25.74,0.24,0.32,29.86,
"2016-08-06",49.7,69.2,88.5,47.9,51.2,0.00,SE,3.8,18.2,72.3,67.8,69.9,5.3,0.01,20.82,0.20,0.27,29.84,
"2016-08-07",46.3,59.9,75.2,50.1,71.8,0.05,SE,3.3,14.2,67.5,67.0,68.4,5.3,0.06,13.33,0.12,0.15,29.86,
"2016-08-08",47.6,60.3,74.6,45.3,62.5,0.24,SE,3.7,14.2,64.8,64.2,65.9,5.2,0.00,17.19,0.15,0.19,29.92,
"2016-08-09",43.7,55.3,66.3,47.7,76.7,0.08,SE,3.2,12.4,62.0,62.7,64.1,5.2,0.02,9.37,0.08,0.10,29.96,
"2016-08-10",54.0,61.5,75.1,56.1,84.0,0.39,SE,3.0,19.2,66.3,62.7,64.5,5.2,0.18,16.69,0.12,0.15,30.03,
"2016-08-11",52.2,66.2,86.8,53.4,70.2,0.33,NW,3.0,9.9,69.2,63.7,66.1,5.2,0.00,23.15,0.19,0.23,30.10,
"2016-08-12",51.1,69.6,90.6,49.7,57.1,0.05,NW,3.7,14.2,69.2,64.4,66.9,5.3,0.00,21.64,0.21,0.27,30.11,
"2016-08-13",50.4,70.6,92.5,49.4,54.0,0.03,E,3.2,11.0,69.7,64.8,67.2,5.3,0.00,20.99,0.20,0.26,30.03,
"2016-08-14",50.8,71.8,95.6,47.6,49.6,0.01,S,2.8,11.0,70.8,65.7,68.2,5.3,0.00,21.23,0.20,0.27,29.93,
"2016-08-15",47.4,71.8,95.5,45.6,46.1,0.00,SE,3.0,14.6,71.5,65.9,68.8,5.2,0.00,25.00,0.22,0.29,29.99,
"2016-08-16",49.4,72.4,96.5,44.5,44.1,0.00,SE,3.0,12.4,72.4,66.9,69.7,5.2,0.00,24.62,0.22,0.30,29.99,
"2016-08-17",49.7,74.1,96.7,46.3,42.6,0.00,N,3.2,9.9,72.9,67.4,70.1,5.2,0.00,22.42,0.22,0.29,29.97,
"2016-08-18",56.4,76.7,93.2,41.6,32.4,0.00,NW,5.7,19.6,73.6,68.4,70.7,5.2,0.00,24.11,0.27,0.39,30.03,
"2016-08-19",47.3,68.0,87.3,37.6,37.8,0.00,NW,3.3,14.2,72.4,67.9,70.4,5.2,0.00,24.88,0.21,0.28,30.13,
"2016-08-20",41.9,67.5,93.2,38.9,42.1,0.00,SE,3.2,14.2,71.0,66.7,69.5,5.1,0.00,24.21,0.22,0.30,29.95,
"2016-08-21",44.6,71.7,92.6,35.1,34.6,0.00,S,5.2,21.4,71.1,66.9,69.5,5.0,0.00,22.73,0.26,0.38,29.74,
"2016-08-22",50.0,66.6,77.5,34.1,31.4,0.00,NW,5.0,15.7,71.0,67.3,69.5,5.0,0.00,22.88,0.20,0.28,29.93,
"2016-08-23",44.1,63.7,81.8,42.2,50.0,0.00,NW,3.9,15.7,70.0,66.2,68.6,5.0,0.00,23.15,0.18,0.25,30.11,
"2016-08-24",45.8,65.1,83.4,43.0,49.9,0.00,NW,3.6,13.9,69.3,65.9,68.1,4.9,0.00,20.44,0.18,0.24,30.22,
"2016-08-25",45.5,65.4,86.7,41.6,48.0,0.00,NW,3.2,10.3,69.2,65.3,67.7,4.9,0.00,20.45,0.18,0.24,30.13,
"2016-08-26",44.4,67.3,87.5,43.0,47.2,0.00,E,3.3,24.3,70.5,65.6,68.0,4.9,0.00,22.19,0.19,0.25,29.95,
"2016-08-27",53.2,69.7,85.8,43.8,42.2,0.00,S,4.5,23.9,69.5,67.0,68.5,4.9,0.00,11.77,0.17,0.25,29.76,
"2016-08-28",45.7,63.8,82.3,42.4,50.6,0.00,SE,4.1,15.7,68.8,65.3,67.5,4.9,0.00,21.28,0.18,0.25,30.02,
"2016-08-29",44.0,66.9,93.2,41.2,46.4,0.00,NW,3.3,11.7,69.1,64.9,67.3,4.8,0.00,20.79,0.20,0.28,30.03,
"2016-08-30",46.8,68.8,91.6,44.4,46.6,0.00,NW,4.1,13.5,68.9,65.3,67.3,4.8,0.00,15.26,0.19,0.27,29.95,
"2016-08-31",46.5,64.8,85.6,42.4,49.3,0.00,SE,3.4,14.6,68.1,65.3,67.2,4.8,0.00,18.45,0.17,0.23,29.91,
"2016-09-01",52.8,62.5,71.8,42.8,50.6,0.00,S,5.2,25.0,66.3,65.2,66.5,4.8,0.00,11.92,0.14,0.20,29.94,
"2016-09-02",45.9,55.7,68.7,44.5,69.1,0.04,SE,4.1,22.1,64.0,64.4,65.2,4.7,0.03,9.57,0.10,0.13,29.95,
"2016-09-03",37.8,51.7,70.4,41.5,72.8,0.30,SE,3.0,14.6,61.2,61.4,62.9,4.7,0.00,17.19,0.11,0.14,29.97,
"2016-09-04",36.9,56.3,75.9,37.6,55.8,0.09,NW,4.7,18.5,61.5,59.6,61.7,4.7,0.00,19.98,0.16,0.22,29.90,
"2016-09-05",37.3,55.7,74.6,37.4,55.0,0.01,S,4.0,20.0,61.8,59.9,61.8,4.7,0.00,18.81,0.14,0.20,29.93,
"2016-09-06",46.1,54.9,65.4,46.1,73.3,0.04,SE,3.8,13.9,60.3,60.7,61.5,4.7,0.03,7.30,0.08,0.10,29.96,
"2016-09-07",49.0,59.3,71.9,49.0,72.1,0.08,SE,3.9,18.2,63.1,60.5,61.8,4.6,0.02,13.93,0.11,0.14,30.05,
"2016-09-08",41.1,54.2,74.5,41.8,69.6,0.31,NW,3.9,25.7,61.5,60.4,61.6,4.6,0.00,15.59,0.13,0.18,30.11,
"2016-09-09",32.2,53.3,74.8,36.9,60.2,0.14,E,3.4,13.2,59.8,57.7,59.8,4.6,0.00,20.66,0.14,0.18,30.29,
"2016-09-10",39.3,62.1,83.4,39.7,49.4,0.00,S,4.4,17.8,62.2,58.2,60.4,4.6,0.00,18.99,0.17,0.25,30.03,
"2016-09-11",43.8,62.3,72.0,34.4,37.3,0.00,NW,6.3,21.0,64.5,60.9,62.3,4.6,0.00,20.79,0.17,0.25,30.02,
"2016-09-12",36.7,53.1,70.2,30.2,47.2,0.00,N ,4.6,16.4,61.0,59.2,60.9,4.6,0.00,19.81,0.14,0.21,30.21,
"2016-09-13",29.9,51.2,75.9,30.2,51.4,0.00,NW,3.2,13.2,59.4,57.3,59.4,4.5,0.00,20.14,0.14,0.19,30.08,
"2016-09-14",31.5,55.5,82.3,33.6,49.5,0.00,NW,2.5,9.6,59.9,56.8,59.1,4.5,0.00,19.43,0.14,0.19,30.03,
"2016-09-15",35.5,58.4,82.5,36.0,50.0,0.00,SE,2.9,13.5,61.2,57.6,59.7,4.5,0.00,19.06,0.14,0.20,30.10,
"2016-09-16",37.8,61.7,84.1,37.8,48.2,0.02,SE,3.1,15.3,62.4,58.2,60.4,4.5,0.00,17.55,0.15,0.21,30.01,
"2016-09-17",53.8,57.6,61.8,51.3,80.3,0.21,SE,3.9,12.1,61.0,60.5,61.2,4.5,0.12,3.09,0.04,0.06,29.86,
"2016-09-18",40.7,54.7,71.6,40.1,63.8,0.17,S,3.8,20.3,58.8,58.0,59.6,4.5,0.00,17.86,0.12,0.16,29.97,
"2016-09-19",34.9,49.8,66.9,39.6,72.6,0.21,S,3.2,17.5,54.9,56.1,57.6,4.5,0.08,11.80,0.08,0.11,30.06,
"2016-09-20",37.2,49.5,66.9,39.8,73.8,0.31,NW,4.4,15.7,55.4,55.1,56.5,4.5,0.01,15.25,0.10,0.14,30.11,
"2016-09-21",39.1,53.5,71.2,38.6,61.6,0.01,NW,4.4,16.0,55.2,54.1,55.8,4.4,0.00,15.82,0.12,0.17,30.01,
"2016-09-22",45.6,55.4,64.7,46.5,73.1,0.06,NW,5.9,17.1,56.4,55.7,56.5,4.4,0.06,7.87,0.08,0.11,29.97,
"2016-09-23",39.2,51.5,65.5,43.3,77.4,0.38,S,3.4,16.7,54.7,54.9,56.2,4.4,0.04,9.32,0.07,0.10,30.03,
"2016-09-24",34.8,49.9,69.1,40.2,74.5,0.36,SE,2.2,11.0,55.0,54.1,55.8,4.4,0.01,15.23,0.08,0.11,30.28,
"2016-09-25",45.0,57.8,77.2,41.9,60.3,0.00,SE,3.1,13.5,58.1,55.3,56.8,4.4,0.00,15.41,0.11,0.16,30.37,
"2016-09-26",40.9,58.1,82.4,44.1,65.7,0.14,NW,3.3,14.6,57.6,54.8,56.7,4.5,0.00,16.41,0.13,0.18,30.18,
"2016-09-27",41.5,61.6,81.1,42.1,55.2,0.18,NW,4.8,16.0,58.9,55.4,57.4,4.5,0.00,16.41,0.15,0.22,30.04,
"2016-09-28",49.4,61.5,76.8,39.3,45.9,0.00,NW,5.7,19.2,59.7,56.8,58.2,4.5,0.00,16.18,0.16,0.24,30.04,
"2016-09-29",46.5,60.8,81.7,44.6,59.2,0.00,N,3.6,12.4,59.9,56.8,58.4,4.5,0.00,14.80,0.13,0.18,29.97,
"2016-09-30",53.1,63.7,76.9,45.7,56.4,0.06,S,4.1,18.2,61.0,58.2,59.4,4.5,0.13,11.09,0.12,0.17,29.94,
"2016-10-01",36.2,52.1,63.9,43.8,76.1,0.32,SE,4.1,16.7,57.6,57.9,59.0,4.5,0.11,11.99,0.07,0.09,29.99,
"2016-10-02",30.6,47.2,67.1,34.6,67.1,0.21,NW,4.6,18.2,52.1,53.6,55.2,4.4,0.00,15.84,0.10,0.15,29.95,
"2016-10-03",32.2,45.5,58.7,36.7,73.1,0.04,N ,3.3,10.3,49.6,51.5,52.9,4.4,0.00,8.44,0.06,0.08,29.87,
"2016-10-04",34.8,44.4,54.5,39.3,83.1,0.19,SE,2.2,12.1,49.1,51.2,52.3,4.4,0.00,6.19,0.04,0.05,29.92,
"2016-10-05",32.1,44.2,56.8,40.8,88.8,0.48,SE,2.1,10.7,49.3,50.3,51.6,4.4,0.02,6.98,0.04,0.05,30.00,
"2016-10-06",39.6,48.0,57.7,43.4,85.3,0.49,SE,2.5,13.2,51.2,51.2,52.3,4.4,0.05,5.99,0.04,0.05,30.11,
"2016-10-07",42.3,50.0,58.2,47.3,91.0,0.53,SE,3.2,12.8,51.5,52.5,53.0,4.4,0.27,2.87,0.03,0.03,29.98,
"2016-10-08",41.0,48.9,58.2,47.1,93.3,0.68,SE,2.7,11.7,50.3,51.5,52.1,4.4,0.16,2.63,0.02,0.03,29.96,
"2016-10-09",44.8,52.9,58.3,42.0,69.5,0.10,NW,4.2,20.0,53.1,52.8,53.2,4.4,0.04,5.88,0.06,0.08,29.89,
"2016-10-10",36.7,45.4,53.9,32.7,65.7,0.26,NW,3.2,12.1,51.2,51.2,52.1,4.3,0.20,12.06,0.06,0.08,30.01,
"2016-10-11",26.7,37.9,54.4,27.5,71.2,0.04,NW,3.0,11.7,47.1,47.8,49.1,4.3,0.00,14.37,0.06,0.08,30.26,
"2016-10-12",23.9,36.9,56.2,27.8,74.9,0.04,NW,2.9,11.0,43.9,44.7,46.2,4.3,0.00,13.63,0.06,0.08,30.16,
"2016-10-13",34.4,40.2,49.4,38.8,94.7,0.60,SE,2.3,10.7,44.3,45.4,46.0,4.2,1.06,1.66,0.01,0.02,29.78,
"2016-10-14",46.3,53.6,58.4,43.0,68.7,0.30,SE,6.6,21.8,48.7,46.5,48.2,8.8,0.44,5.69,0.07,0.10,29.53,
"2016-10-15",46.8,50.3,53.0,45.5,83.8,0.25,SE,4.0,18.9,49.3,49.1,49.7,12.6,0.32,2.97,0.03,0.04,29.57,
"2016-10-16",42.6,49.2,54.8,44.7,84.7,0.25,SE,3.2,12.8,50.1,49.9,50.5,14.3,0.04,5.28,0.03,0.04,29.52,
"2016-10-17",43.8,48.8,53.5,45.4,88.3,0.41,SE,2.8,10.3,50.9,50.4,51.1,15.4,0.27,4.99,0.03,0.04,29.67,
"2016-10-18",40.1,44.3,46.9,42.2,92.5,0.52,SE,2.0,9.6,49.4,50.5,50.9,16.2,0.15,2.68,0.01,0.02,30.04,
"2016-10-19",40.8,43.7,50.0,40.5,88.9,0.48,S,2.2,8.5,48.5,49.7,50.0,16.7,0.00,3.76,0.03,0.04,30.34,
"2016-10-20",41.3,44.7,48.9,43.7,96.4,0.80,S,2.6,12.4,47.8,49.1,49.3,17.8,0.68,1.17,0.01,0.01,30.10,
"2016-10-21",43.8,47.2,53.6,44.8,91.4,0.47,NW,1.8,7.1,49.6,49.0,49.7,20.2,0.00,5.59,0.03,0.03,30.01,
"2016-10-22",34.4,44.1,54.7,40.2,87.4,0.45,S,3.0,9.9,48.9,49.5,50.1,19.8,0.02,6.24,0.03,0.04,30.01,
"2016-10-23",32.5,41.7,52.8,37.5,86.0,0.33,NW,4.6,12.4,46.4,47.4,48.3,19.3,0.00,7.34,0.04,0.05,30.02,
"2016-10-24",40.7,49.0,59.8,42.6,80.1,0.07,NW,4.1,13.2,48.4,47.7,48.5,18.8,0.10,7.49,0.05,0.07,29.86,
"2016-10-25",40.1,48.8,60.3,44.3,85.9,0.47,SE,2.9,12.1,49.8,49.0,49.6,18.9,0.17,7.54,0.04,0.05,30.03,
"2016-10-26",40.6,43.7,45.6,42.5,95.4,0.81,NW,3.4,10.7,47.5,48.6,48.9,19.3,0.44,1.29,0.01,0.01,30.02,
"2016-10-27",40.2,47.6,52.0,46.5,96.1,0.92,SE,2.0,9.9,48.7,48.7,49.1,21.1,0.51,1.30,0.01,0.01,29.88,
"2016-10-28",38.4,43.9,51.1,42.4,94.7,0.83,NW,2.1,9.9,48.0,48.5,49.0,23.1,0.00,3.12,0.02,0.02,30.06,
"2016-10-29",38.6,43.5,47.1,41.3,91.9,0.43,NW,3.2,11.7,47.6,48.0,48.5,22.3,0.00,3.51,0.02,0.02,30.03,
"2016-10-30",45.2,48.7,54.0,45.4,88.5,0.26,NW,4.6,13.2,49.5,48.7,49.2,21.6,0.08,5.17,0.03,0.04,29.78,
"2016-10-31",43.7,47.2,49.5,45.2,92.7,0.66,SE,3.1,11.0,49.0,49.4,49.6,22.4,0.36,1.31,0.01,0.01,29.74,
"2016-11-01",43.8,46.7,52.0,44.4,91.8,0.54,S,2.4,9.6,48.7,48.9,49.3,22.9,0.15,3.25,0.02,0.03,29.95,
"2016-11-02",41.0,48.2,54.2,43.3,83.4,0.06,S,2.7,11.4,48.9,49.0,49.5,22.7,0.00,3.02,0.03,0.03,30.16,
"2016-11-03",39.1,43.8,57.3,42.0,93.7,0.55,NW,2.9,12.1,48.0,48.7,49.2,22.2,0.00,6.57,0.03,0.04,30.32,
"2016-11-04",35.9,41.1,51.6,40.0,96.1,0.60,NW,4.1,12.4,46.7,47.8,48.3,21.8,0.00,5.50,0.03,0.04,30.22,
"2016-11-05",35.6,40.9,47.5,39.8,96.0,0.51,NW,2.7,8.2,46.3,47.0,47.5,21.5,0.01,4.58,0.02,0.02,29.99,
"2016-11-06",33.4,45.4,55.6,42.7,91.1,0.48,SE,2.8,11.7,47.7,47.8,48.2,22.1,0.39,4.84,0.02,0.03,30.02,
"2016-11-07",33.6,42.7,54.6,39.6,89.7,0.46,NW,2.5,9.6,46.0,46.6,47.3,22.6,0.00,6.19,0.02,0.03,30.29,
"2016-11-08",35.7,43.9,59.6,40.8,89.9,0.47,NW,2.7,8.9,46.0,46.3,47.0,22.3,0.00,7.94,0.03,0.04,30.24,
"2016-11-09",34.6,42.2,58.7,40.5,94.2,0.56,W,2.5,7.8,45.0,45.6,46.4,22.0,0.00,6.34,0.03,0.04,30.21,
"2016-11-10",38.1,42.9,54.3,41.5,95.0,0.55,NW,4.8,14.6,45.3,46.1,46.5,21.8,0.00,4.39,0.03,0.04,30.27,
"2016-11-11",37.3,44.1,54.5,41.7,91.9,0.49,NW,3.0,7.8,45.9,45.7,46.4,21.5,0.00,6.27,0.02,0.03,30.08,
"2016-11-12",43.0,51.0,60.6,44.6,80.1,0.27,S,3.8,16.4,47.8,46.8,47.4,21.3,0.01,4.52,0.04,0.06,29.97,
"2016-11-13",33.5,42.1,46.4,39.6,90.9,0.31,S,3.2,9.9,45.3,46.4,47.1,21.2,0.07,2.74,0.01,0.01,30.15,
"2016-11-14",39.2,46.6,55.6,43.3,89.1,0.45,S,3.7,19.2,46.9,46.9,47.3,21.5,0.13,4.50,0.02,0.04,29.99,
"2016-11-15",38.7,44.1,56.0,40.3,87.6,0.43,SW,3.6,17.5,46.3,46.5,47.1,22.0,0.20,5.35,0.03,0.05,29.79,
"2016-11-16",27.3,37.3,45.1,34.3,89.6,0.15,SE,2.9,9.9,44.3,45.2,46.3,22.3,0.06,5.72,0.01,0.02,29.94,
"2016-11-17",24.7,31.1,35.7,29.9,96.8,0.30,NW,2.0,6.0,40.3,43.2,43.7,22.2,0.00,1.71,0.01,0.01,30.22,
"2016-11-18",31.7,34.3,37.7,33.2,95.9,0.54,NW,2.9,9.6,40.8,42.6,43.0,22.2,0.01,3.00,0.01,0.01,30.20,
"2016-11-19",29.9,33.0,34.9,32.2,97.0,0.72,NW,2.6,9.6,39.4,41.9,42.2,22.2,0.16,0.94,0.00,0.00,29.95,
"2016-11-20",32.5,37.0,40.8,36.2,97.0,0.88,NW,2.1,9.9,40.4,41.5,41.9,22.4,0.06,2.03,0.01,0.01,29.88,
"2016-11-21",38.6,41.6,44.7,39.1,90.8,0.47,SE,2.6,9.9,42.9,42.6,43.3,22.5,0.01,2.27,0.02,0.02,29.95,
"2016-11-22",31.4,38.5,45.0,36.2,91.8,0.26,S,2.6,7.4,42.3,43.4,43.7,22.4,0.00,2.25,0.01,0.02,30.09,
"2016-11-23",31.1,36.3,42.0,35.1,95.4,0.54,SE,2.7,9.9,40.9,42.7,43.0,22.5,0.11,1.68,0.01,0.01,29.98,
"2016-11-24",35.9,37.6,39.2,35.5,92.3,0.49,S,3.5,11.7,40.4,42.3,42.5,22.9,0.45,0.86,0.01,0.01,30.08,
"2016-11-25",38.3,41.8,46.9,39.0,90.1,0.52,S,3.1,13.2,41.7,42.2,42.5,24.6,0.05,1.85,0.02,0.02,29.95,
"2016-11-26",35.3,40.6,49.2,38.8,93.8,0.60,SW,3.0,12.4,42.6,43.0,43.3,24.6,0.04,4.72,0.01,0.02,29.69,
"2016-11-27",34.1,37.6,42.4,35.3,91.5,0.50,SE,3.9,13.5,40.8,42.3,42.6,24.2,0.05,1.81,0.01,0.02,29.60,
"2016-11-28",33.1,36.0,42.2,34.4,93.8,0.64,W,3.0,13.9,40.8,41.9,42.3,24.3,0.08,5.24,0.01,0.01,29.77,
"2016-11-29",31.6,33.3,34.8,30.9,91.0,0.16,SW,3.2,12.4,39.9,41.6,41.9,24.2,0.00,1.24,0.01,0.01,30.13,
"2016-11-30",32.1,34.4,36.9,33.0,94.6,0.51,S,2.4,10.3,39.2,41.0,41.2,24.0,0.05,1.26,0.01,0.01,29.99,
"2016-12-01",32.2,35.2,40.3,33.7,94.3,0.56,NW,2.5,9.2,39.9,41.0,41.3,23.9,0.01,3.27,0.01,0.01,30.15,
"2016-12-02",32.6,34.6,36.5,32.4,91.9,0.29,SE,4.8,13.9,38.9,40.8,41.0,23.8,0.03,1.02,0.01,0.01,30.23,
"2016-12-03",31.9,35.5,39.8,33.5,92.4,0.40,S,2.4,10.3,39.2,40.5,40.8,23.8,0.00,3.62,0.01,0.01,30.09,
"2016-12-04",24.4,36.0,42.4,26.6,70.7,0.02,W,5.0,18.9,38.7,40.4,40.6,23.7,0.00,3.29,0.03,0.04,29.85,
"2016-12-05",19.5,25.0,33.2,17.7,77.5,0.00,NW,3.5,12.4,34.4,37.8,38.9,23.6,0.00,5.53,0.01,0.02,30.08,
"2016-12-06",19.3,24.4,30.4,13.4,66.2,0.00,NW,7.8,21.8,33.4,36.7,37.2,23.4,0.00,5.68,0.03,0.05,30.13,
"2016-12-07",14.0,23.9,27.8,15.8,75.2,0.00,N,2.2,7.1,33.1,36.1,36.3,23.0,0.00,2.38,0.01,0.02,30.43,
"2016-12-08",9.4,18.4,26.9,6.1,65.5,0.00,NW,5.6,15.0,32.5,35.5,35.8,22.7,0.00,5.79,0.02,0.04,30.30,
"2016-12-09",17.8,19.4,20.8,12.2,79.5,0.00,NW,5.8,15.7,32.1,35.0,35.2,22.3,0.00,1.69,0.02,0.03,30.14,
"2016-12-10",18.2,21.8,25.0,17.6,89.1,0.03,E,2.9,11.4,32.1,34.8,34.9,22.0,0.00,1.85,0.01,0.01,29.94,
"2016-12-11",22.4,25.9,29.2,22.6,90.9,0.16,SE,2.9,11.7,32.2,34.7,34.7,22.0,0.00,2.24,0.01,0.01,29.95,
"2016-12-12",6.6,19.8,28.3,13.4,82.4,0.06,NW,4.1,16.4,32.2,34.6,34.7,22.1,0.03,5.31,0.01,0.02,30.15,
"2016-12-13",0.9,8.5,20.8,0.7,79.5,0.00,NW,4.9,15.3,32.1,34.5,34.6,22.0,0.00,5.94,0.01,0.03,30.33,
"2016-12-14",-2.4,8.3,17.3,-0.4,75.8,0.00,NW,5.3,17.8,31.8,34.3,34.4,21.8,0.00,3.79,0.01,0.02,30.24,
"2016-12-15",10.9,17.6,23.4,9.3,76.1,0.00,NW,5.4,21.0,31.7,34.1,34.2,21.5,0.00,3.30,0.02,0.03,29.92,
"2016-12-16",-2.3,11.0,18.2,0.8,71.2,0.00,NW,6.9,19.2,31.4,33.9,34.0,21.3,0.00,5.54,0.01,0.02,30.06,
"2016-12-17",-5.0,4.3,13.5,-3.8,78.8,0.00,S,2.8,9.9,30.6,33.6,33.7,21.0,0.00,4.90,0.01,0.01,30.36,
"2016-12-18",10.1,15.3,18.9,9.3,84.1,0.00,SE,2.6,9.9,30.8,33.4,33.5,20.7,0.00,2.51,0.01,0.01,30.47,
"2016-12-19",19.2,25.6,29.1,19.5,81.0,0.00,SE,5.0,17.5,31.2,33.3,33.4,20.4,0.00,1.07,0.01,0.02,30.18,
"2016-12-20",16.7,28.1,42.2,25.1,92.0,0.10,SW,3.7,13.9,31.6,33.3,33.3,20.4,0.28,4.69,0.01,0.02,30.08,
"2016-12-21",9.3,19.4,27.6,16.5,94.9,0.06,S,2.0,6.0,31.6,33.3,33.3,20.4,0.00,2.21,0.01,0.01,30.41,
"2016-12-22",14.8,19.8,24.4,16.9,95.0,0.06,S,1.8,7.8,31.6,33.3,33.3,20.5,0.00,2.78,0.01,0.01,30.02,
"2016-12-23",19.0,24.8,28.3,22.8,96.2,0.16,NW,1.7,6.7,31.6,33.3,33.3,20.6,0.00,0.64,0.00,0.00,29.73,
"2016-12-24",22.8,28.5,32.9,27.2,96.8,0.41,NW,0.8,6.0,31.7,33.3,33.3,20.6,0.02,0.48,0.00,0.00,29.80,
"2016-12-25",22.8,28.0,32.5,24.1,87.7,0.40,NE,1.7,10.7,31.8,33.4,33.4,20.7,0.03,0.57,0.00,0.01,30.06,
"2016-12-26",16.3,22.9,27.3,19.1,89.9,0.18,SE,3.6,10.3,31.8,33.4,33.4,20.8,0.00,0.44,0.01,0.01,30.25,
"2016-12-27",17.8,28.9,34.9,25.9,90.6,0.40,SE,4.7,13.9,31.8,33.4,33.4,20.8,0.00,0.79,0.01,0.01,29.96,
"2016-12-28",4.1,15.3,22.6,11.5,92.4,0.02,S,1.8,7.8,31.8,33.4,33.4,20.9,0.00,1.76,0.01,0.01,30.35,
"2016-12-29",18.7,24.7,30.5,21.5,91.4,0.18,S,2.7,11.7,31.8,33.4,33.5,21.0,0.01,1.17,0.01,0.01,30.22,
"2016-12-30",13.3,21.4,29.2,18.9,95.7,0.15,NW,3.7,12.4,31.8,33.5,33.5,21.0,0.00,1.51,0.01,0.01,30.14,
"2016-12-31",10.2,15.4,20.8,11.8,93.6,0.03,NW,3.8,10.3,31.9,33.5,33.5,21.0,0.00,0.63,0.01,0.01,29.95,

